CONFIG_END	pc	cacr	tc
CONFIG_END	40847A6E	00008000	00000000
ENABLED_CYCLES	ic	dc	mmu
ENABLED_CYCLES	40440	0	0
SUMMARY	cycles	dispatches	clocks_per_dispatch	rd_accept_samples	look_hit_cycles	ipred_hit_cycles
SUMMARY	100002	12970	7.710254	419	190	29
STATE	id	cycles	entries	percent
STATE	3	4155	775	4.154917
STATE	4	1746	1490	1.745965
STATE	5	40	40	0.039999
STATE	8	1091	535	1.090978
STATE	9	52981	4119	52.979940
STATE	10	25138	743	25.137497
STATE	11	347	347	0.346993
STATE	13	325	325	0.324994
STATE	15	83	83	0.082998
STATE	16	2	2	0.002000
STATE	19	24	24	0.024000
STATE	20	4876	4876	4.875902
STATE	21	20	20	0.020000
STATE	22	2	2	0.002000
STATE	24	20	20	0.020000
STATE	26	31	31	0.030999
STATE	27	444	444	0.443991
STATE	28	547	547	0.546989
STATE	51	27	27	0.026999
STATE	53	136	136	0.135997
STATE	55	175	175	0.174997
STATE	58	98	98	0.097998
STATE	68	1	1	0.001000
STATE	69	1	1	0.001000
STATE	70	2	2	0.002000
STATE	78	16	16	0.016000
STATE	79	16	16	0.016000
STATE	81	20	20	0.020000
STATE	82	16	10	0.016000
STATE	98	12	12	0.012000
STATE	133	77	1	0.076998
STATE	167	4	4	0.004000
STATE	190	7513	4112	7.512850
STATE	250	16	12	0.016000
MEM	name	value
MEM	mrd_cycles_cst0	8373
MEM	mrd_cycles_cst1	16
MEM	mrd_cycles_cst4	174
MEM	mrd_cycles_cst5	22
MEM	mrd_cycles_cst6	44396
MEM	mwr_cycles_cst0	1040
MEM	mwr_cycles_cst1	5
MEM	mwr_cycles_cst4	50
MEM	mwr_cycles_cst5	5
MEM	mwr_cycles_cst6	24038
MEM	mrd_cycles_sb_pending	0
MEM	mwr_cycles_sb_pending	0
MEM	data_tagwrite_entries	0
MEM	instr_tagwrite_entries	62
MEM	sb_push_signal_samples	0
MEM	sb_full_request_samples	0
MEM	read_with_store_pending_samples	0
MEM	pass_cycles_write	22490
MEM	pass_cycles_read	49430
REFILL_META	clock_sample	post_eval_rising_edge
REFILL_META	duration	C_FILL_through_C_TAGW_complete_bracket_spans_only
REFILL_META	mrd_overlap	core_state_9_and_C_FILL_same_sample
REFILL_META	states	issued_is_registered_state_local_match_is_combinational_setup_is_neither
REFILL_PARTIAL	start	0
REFILL_PARTIAL	end	0
REFILL_PARTIAL	aborted	0
REFILL_REGION	bank	region	fill_entries	fill_samples	tagwrite_samples	issued_state_samples	local_match_samples	setup_state_samples	mrd_overlap_samples	completed
REFILL_REGION	instruction	rom	62	620	62	372	0	248	174	62
REFILL_SAMPLE	bank	region	fill_cnt	r_issued	fill_acked	clocks
REFILL_SAMPLE	instruction	rom	0	0	0	62
REFILL_SAMPLE	instruction	rom	0	1	0	186
REFILL_SAMPLE	instruction	rom	1	0	1	62
REFILL_SAMPLE	instruction	rom	1	1	1	62
REFILL_SAMPLE	instruction	rom	2	0	1	62
REFILL_SAMPLE	instruction	rom	2	1	1	62
REFILL_SAMPLE	instruction	rom	3	0	1	62
REFILL_SAMPLE	instruction	rom	3	1	1	62
REFILL_DURATION	bank	region	clocks	complete_fills
REFILL_DURATION	instruction	rom	11	62
CACHE_STATE	id	cycles	percent
CACHE_STATE	0	27212	27.211456
CACHE_STATE	1	124	0.123998
CACHE_STATE	4	620	0.619988
CACHE_STATE	5	62	0.061999
CACHE_STATE	6	71920	71.918562
CACHE_STATE	7	64	0.063999
TRANSITION	from	to	count
TRANSITION	3	4	775
TRANSITION	4	3	162
TRANSITION	4	8	101
TRANSITION	4	11	347
TRANSITION	4	20	452
TRANSITION	4	51	7
TRANSITION	4	53	120
TRANSITION	4	78	16
TRANSITION	4	81	13
TRANSITION	4	98	12
TRANSITION	4	133	1
TRANSITION	4	167	2
TRANSITION	4	190	249
TRANSITION	4	250	8
TRANSITION	5	3	31
TRANSITION	5	4	9
TRANSITION	8	13	325
TRANSITION	8	15	83
TRANSITION	8	16	2
TRANSITION	8	19	24
TRANSITION	8	20	69
TRANSITION	8	51	14
TRANSITION	8	53	8
TRANSITION	8	68	1
TRANSITION	8	81	7
TRANSITION	8	167	2
TRANSITION	9	3	64
TRANSITION	9	4	165
TRANSITION	9	20	112
TRANSITION	9	27	444
TRANSITION	9	51	2
TRANSITION	9	70	1
TRANSITION	9	190	3326
TRANSITION	9	250	4
TRANSITION	10	3	1
TRANSITION	10	4	22
TRANSITION	10	20	623
TRANSITION	10	53	8
TRANSITION	10	190	89
TRANSITION	11	8	258
TRANSITION	11	55	89
TRANSITION	13	3	50
TRANSITION	13	4	22
TRANSITION	13	9	141
TRANSITION	13	20	2
TRANSITION	13	26	31
TRANSITION	13	55	79
TRANSITION	15	8	2
TRANSITION	15	55	7
TRANSITION	15	58	74
TRANSITION	16	22	2
TRANSITION	19	58	24
TRANSITION	20	8	174
TRANSITION	20	9	3967
TRANSITION	20	10	215
TRANSITION	20	21	20
TRANSITION	20	28	52
TRANSITION	20	190	448
TRANSITION	21	24	20
TRANSITION	22	9	2
TRANSITION	24	28	20
TRANSITION	26	28	31
TRANSITION	27	28	444
TRANSITION	28	4	10
TRANSITION	28	5	8
TRANSITION	28	10	527
TRANSITION	28	51	2
TRANSITION	51	3	27
TRANSITION	53	3	15
TRANSITION	53	4	120
TRANSITION	53	20	1
TRANSITION	55	3	175
TRANSITION	58	3	13
TRANSITION	58	4	8
TRANSITION	58	20	77
TRANSITION	68	69	1
TRANSITION	69	70	1
TRANSITION	70	4	1
TRANSITION	70	9	1
TRANSITION	78	79	16
TRANSITION	79	4	16
TRANSITION	81	5	10
TRANSITION	81	82	10
TRANSITION	82	5	10
TRANSITION	98	5	12
TRANSITION	133	3	1
TRANSITION	167	3	2
TRANSITION	167	4	2
TRANSITION	190	3	234
TRANSITION	190	4	336
TRANSITION	190	20	3540
TRANSITION	190	51	2
TRANSITION	250	4	4
TRANSITION	250	9	8
F4SITE	F498	4084721A	1
OPCODE	opcode	dispatches	percent
OPCODE	3018	2990	23.053200
OPCODE	D280	2989	23.045490
OPCODE	5583	2989	23.045490
OPCODE	4840	280	2.158828
OPCODE	08D2	200	1.542020
OPCODE	0892	200	1.542020
OPCODE	D301	192	1.480339
OPCODE	1012	192	1.480339
OPCODE	D100	128	0.986893
OPCODE	51C8	128	0.986893
OPCODE	E218	128	0.986893
OPCODE	1480	128	0.986893
OPCODE	4EFA	79	0.609098
OPCODE	4DFA	78	0.601388
OPCODE	1342	72	0.555127
OPCODE	1429	72	0.555127
OPCODE	4ED6	72	0.555127
OPCODE	43F2	68	0.524287
OPCODE	64F0	64	0.493446
OPCODE	E208	64	0.493446
OPCODE	66F0	56	0.431766
OPCODE	2212	56	0.431766
OPCODE	B069	56	0.431766
OPCODE	584A	56	0.431766
OPCODE	674C	56	0.431766
OPCODE	E04A	48	0.370085
OPCODE	E14A	48	0.370085
OPCODE	1202	48	0.370085
OPCODE	1341	48	0.370085
OPCODE	C228	48	0.370085
OPCODE	0800	39	0.300694
OPCODE	2268	33	0.254433
OPCODE	7200	29	0.223593
OPCODE	2012	25	0.192753
OPCODE	2481	24	0.185042
OPCODE	4681	24	0.185042
OPCODE	66F6	24	0.185042
OPCODE	6744	24	0.185042
OPCODE	0241	24	0.185042
OPCODE	B092	24	0.185042
OPCODE	E149	24	0.185042
OPCODE	6610	24	0.185042
OPCODE	1211	24	0.185042
OPCODE	1229	24	0.185042
OPCODE	1282	24	0.185042
OPCODE	1411	24	0.185042
OPCODE	0893	17	0.131072
OPCODE	45F9	17	0.131072
OPCODE	2051	16	0.123362
OPCODE	6604	16	0.123362
OPCODE	3203	16	0.123362
OPCODE	D1C9	16	0.123362
OPCODE	7007	16	0.123362
OPCODE	4842	16	0.123362
OPCODE	6000	14	0.107941
OPCODE	671A	13	0.100231
OPCODE	2C4A	12	0.092521
OPCODE	2C4B	12	0.092521
OPCODE	007C	12	0.092521
OPCODE	2C49	12	0.092521
OPCODE	4841	12	0.092521
OPCODE	4A11	12	0.092521
OPCODE	C2A9	12	0.092521
OPCODE	60FF	12	0.092521
OPCODE	B2A9	12	0.092521
OPCODE	6704	12	0.092521
OPCODE	6712	12	0.092521
OPCODE	B040	12	0.092521
OPCODE	6736	12	0.092521
OPCODE	7201	12	0.092521
OPCODE	224E	12	0.092521
OPCODE	264E	12	0.092521
OPCODE	0C40	12	0.092521
OPCODE	2028	12	0.092521
OPCODE	244E	12	0.092521
OPCODE	08D3	11	0.084811
OPCODE	4E7A	10	0.077101
OPCODE	4E7B	10	0.077101
OPCODE	2A4F	9	0.069391
OPCODE	0C00	9	0.069391
OPCODE	4BFA	9	0.069391
OPCODE	08C7	9	0.069391
OPCODE	202B	8	0.061681
OPCODE	CD4B	8	0.061681
OPCODE	2209	8	0.061681
OPCODE	08AA	8	0.061681
OPCODE	4ED5	8	0.061681
OPCODE	2241	8	0.061681
OPCODE	4ED3	8	0.061681
OPCODE	51C9	8	0.061681
OPCODE	5243	8	0.061681
OPCODE	0001	8	0.061681
OPCODE	C389	8	0.061681
OPCODE	1801	8	0.061681
OPCODE	1401	8	0.061681
OPCODE	60B4	8	0.061681
OPCODE	6406	8	0.061681
OPCODE	08EA	8	0.061681
OPCODE	660A	8	0.061681
OPCODE	C001	8	0.061681
OPCODE	66E8	8	0.061681
OPCODE	E219	8	0.061681
OPCODE	D7EB	8	0.061681
OPCODE	40C2	8	0.061681
OPCODE	2649	8	0.061681
OPCODE	6B14	8	0.061681
OPCODE	D7C0	8	0.061681
OPCODE	E19C	8	0.061681
OPCODE	E049	8	0.061681
OPCODE	E200	8	0.061681
OPCODE	46C2	8	0.061681
OPCODE	E741	8	0.061681
OPCODE	264A	8	0.061681
OPCODE	244B	8	0.061681
OPCODE	E059	8	0.061681
OPCODE	7078	8	0.061681
OPCODE	4A02	8	0.061681
OPCODE	0880	8	0.061681
OPCODE	4E71	8	0.061681
OPCODE	41F9	7	0.053971
OPCODE	4EFB	6	0.046261
OPCODE	0C03	5	0.038551
OPCODE	161B	5	0.038551
OPCODE	08C0	5	0.038551
OPCODE	0802	5	0.038551
OPCODE	0887	5	0.038551
OPCODE	670E	4	0.030840
OPCODE	0481	4	0.030840
OPCODE	6706	4	0.030840
OPCODE	7400	4	0.030840
OPCODE	6754	4	0.030840
OPCODE	0681	4	0.030840
OPCODE	66F4	4	0.030840
OPCODE	2C41	4	0.030840
OPCODE	B602	4	0.030840
OPCODE	45FB	4	0.030840
OPCODE	4A01	4	0.030840
OPCODE	2429	4	0.030840
OPCODE	2269	4	0.030840
OPCODE	2229	4	0.030840
OPCODE	220E	4	0.030840
OPCODE	2029	4	0.030840
OPCODE	F280	4	0.030840
OPCODE	0C81	4	0.030840
OPCODE	C081	2	0.015420
OPCODE	670A	2	0.015420
OPCODE	0C84	2	0.015420
OPCODE	2C45	2	0.015420
OPCODE	66EA	2	0.015420
OPCODE	0C02	2	0.015420
OPCODE	4843	2	0.015420
OPCODE	43FA	2	0.015420
OPCODE	2A0E	2	0.015420
OPCODE	7000	2	0.015420
OPCODE	4243	2	0.015420
OPCODE	F498	1	0.007710
OPCODE	E042	1	0.007710
OPCODE	7C00	1	0.007710
OPCODE	7E00	1	0.007710
OPCODE	803B	1	0.007710
OPCODE	BBE9	1	0.007710
OPCODE	263C	1	0.007710
OPCODE	4CD9	1	0.007710
OPCODE	47FA	1	0.007710
OPCODE	45F1	1	0.007710
OPCODE	41FB	1	0.007710
OPCODE	3E7C	1	0.007710
OPCODE	3E3C	1	0.007710
OPCODE	303B	1	0.007710
OPCODE	2818	1	0.007710
OPCODE	2668	1	0.007710
OPCODE	4ED4	1	0.007710
OPCODE	2629	1	0.007710
OPCODE	2628	1	0.007710
OPCODE	2612	1	0.007710
OPCODE	2540	1	0.007710
OPCODE	2480	1	0.007710
OPCODE	2468	1	0.007710
OPCODE	0C83	1	0.007710
OPCODE	0200	1	0.007710
OPCODE	664E	1	0.007710
OPCODE	7070	1	0.007710
OPCODE	700E	1	0.007710
OPCODE	6F10	1	0.007710
OPCODE	6732	1	0.007710
OPCODE	671E	1	0.007710
OPCODE	6710	1	0.007710
OPCODE	6708	1	0.007710
OPCODE	6700	1	0.007710
OPCODE	7207	1	0.007710
OPCODE	661A	1	0.007710
OPCODE	6612	1	0.007710
OPCODE	601E	1	0.007710
OPCODE	6010	1	0.007710
OPCODE	6002	1	0.007710
OPCODE	5D80	1	0.007710
OPCODE	5983	1	0.007710
OPCODE	4EF2	1	0.007710
FPU_GUARD_META	format	fpu-guard-profile-v1
FPU_GUARD_META	sample	pre_eval_inputs_committed_start_inclusive_stop_exclusive
FPU_GUARD_META	counts	new_fp_command_branch_events_not_retirements_or_unique_requests
FPU_GUARD_META	side_bits	cr_we,fm_we,bsun_req,fp_reset,frestore_idle,frestore_unimp,fsave_ack,pend_capture
FPU_GUARD_SUMMARY	edges	raw	restore	pending	unexpected_single_class	enable_rejected_normal	context_dropped	eligible_post_round	eligible_post_mismatch	reconciles
FPU_GUARD_SUMMARY	100002	0	0	0	0	0	0	0	0	1
FPU_GUARD_BUCKET	precision	enables	raw	single	exp_zero	exp_normal	exp_allones	old_guard	new_guard
FPU_GUARD_REJECT_SIDE	0	0
FPU_GUARD_REJECT_SIDE	1	0
FPU_GUARD_REJECT_SIDE	2	0
FPU_GUARD_REJECT_SIDE	3	0
FPU_GUARD_REJECT_SIDE	4	0
FPU_GUARD_REJECT_SIDE	5	0
FPU_GUARD_REJECT_SIDE	6	0
FPU_GUARD_REJECT_SIDE	7	0
FPU_GUARD_CONTEXT	profile_edge	pc	fpcr	opclass	side_bits	old_guard	new_guard
