id,sideband,instr,address,start_word,span,way,sdr_ack,bus_ack,line_valid,fill0,fill1,fill2,fill3,source0,source1,source2,source3,critical_ack,tag_commit
0,0,0,00004000,0,0,0,9,10,11,10,12,14,16,bus,bus,bus,bus,11,17
1,0,0,00004014,1,0,0,8,9,10,9,11,13,15,bus,bus,bus,bus,10,16
2,0,0,00004028,2,0,0,7,8,9,8,10,12,14,bus,bus,bus,bus,9,15
3,0,0,0000403c,3,0,0,7,8,9,8,10,12,14,bus,bus,bus,bus,9,15
4,0,0,00004045,1,1,0,7,8,9,8,10,12,14,bus,bus,bus,bus,11,15
5,1,0,00004050,0,0,0,7,8,9,8,9,,,bus,sideband,,,9,10
6,1,0,00004064,1,0,0,7,8,9,8,9,,,bus,sideband,,,9,10
7,1,0,00004078,2,0,0,7,8,9,8,9,,,bus,sideband,,,9,10
8,1,0,0000408c,3,0,0,7,8,9,8,9,,,bus,sideband,,,9,10
9,1,0,00004095,1,1,0,8,9,10,9,10,,,bus,sideband,,,11,11
10,0,1,000040a0,0,0,0,9,10,11,10,12,14,16,bus,bus,bus,bus,11,17
11,0,1,000040b4,1,0,0,7,8,9,8,10,12,14,bus,bus,bus,bus,9,15
12,0,1,000040c8,2,0,0,7,8,9,8,10,12,14,bus,bus,bus,bus,9,15
13,0,1,000040dc,3,0,0,7,8,9,8,10,12,14,bus,bus,bus,bus,9,15
14,1,1,000040e0,0,0,0,7,8,9,8,9,,,bus,sideband,,,9,10
15,1,1,000040f4,1,0,0,7,8,9,8,9,,,bus,sideband,,,9,10
16,1,1,00004108,2,0,0,9,10,11,10,11,,,bus,sideband,,,11,12
17,1,1,0000411c,3,0,0,7,8,9,8,9,,,bus,sideband,,,9,10
18,0,0,00004200,0,0,0,7,8,9,8,10,12,14,bus,bus,bus,bus,9,15
19,0,0,00004a04,1,0,1,9,10,11,10,12,14,16,bus,bus,bus,bus,11,17
20,0,0,00005208,2,0,2,9,10,11,10,12,14,16,bus,bus,bus,bus,11,17
21,0,0,00005a0c,3,0,3,9,10,11,10,12,14,16,bus,bus,bus,bus,11,17
22,0,0,00006200,0,0,0,9,10,11,10,12,14,16,bus,bus,bus,bus,11,17
23,1,0,00004300,0,0,0,9,10,11,10,11,,,bus,sideband,,,11,12
24,1,0,00004b04,1,0,1,8,9,10,9,10,,,bus,sideband,,,10,11
25,1,0,00005308,2,0,2,9,10,11,10,11,,,bus,sideband,,,11,12
26,1,0,00005b0c,3,0,3,9,10,11,10,11,,,bus,sideband,,,11,12
27,1,0,00006300,0,0,0,9,10,11,10,11,,,bus,sideband,,,11,12
28,0,1,00004400,0,0,0,9,10,11,10,12,14,16,bus,bus,bus,bus,11,17
29,0,1,00004c04,1,0,1,9,10,11,10,12,14,16,bus,bus,bus,bus,11,17
30,0,1,00005408,2,0,2,9,10,11,10,12,14,16,bus,bus,bus,bus,11,17
31,0,1,00005c0c,3,0,3,9,10,11,10,12,14,16,bus,bus,bus,bus,11,17
32,0,1,00006400,0,0,0,8,9,10,9,11,13,15,bus,bus,bus,bus,10,16
33,1,1,00004500,0,0,0,9,10,11,10,11,,,bus,sideband,,,11,12
34,1,1,00004d04,1,0,1,9,10,11,10,11,,,bus,sideband,,,11,12
35,1,1,00005508,2,0,2,9,10,11,10,11,,,bus,sideband,,,11,12
36,1,1,00005d0c,3,0,3,9,10,11,10,11,,,bus,sideband,,,11,12
37,1,1,00006500,0,0,0,9,10,11,10,11,,,bus,sideband,,,11,12
