Name	Type	Size_bits	M10K_blocks	MLAB_cells	Location
altshift_taps:dv_de1_rtl_0|shift_taps_1vu:auto_generated|altsyncram_rr91:altsyncram4|ALTSYNCRAM	AUTO	141	2	0	M10K_X76_Y2_N0, M10K_X76_Y3_N0
altshift_taps:mask_bypass_rtl_0|shift_taps_vuu:auto_generated|altsyncram_qr91:altsyncram5|ALTSYNCRAM	AUTO	144	1	0	M10K_X58_Y4_N0
altshift_taps:mask_bypass_rtl_1|shift_taps_0vu:auto_generated|altsyncram_pr91:altsyncram4|ALTSYNCRAM	AUTO	324	3	0	M10K_X26_Y73_N0, M10K_X26_Y72_N0, M10K_X26_Y74_N0
ascal:ascal|altshift_taps:i_ppix.r_rtl_0|shift_taps_bgv:auto_generated|altsyncram_nr91:altsyncram5|ALTSYNCRAM	AUTO	120	1	0	M10K_X41_Y68_N0
ascal:ascal|altshift_taps:o_vpix_inner[2].r_rtl_0|shift_taps_agv:auto_generated|altsyncram_jr91:altsyncram4|ALTSYNCRAM	AUTO	96	1	0	M10K_X41_Y78_N0
ascal:ascal|altsyncram:i_dpram_rtl_0|altsyncram_g9j1:auto_generated|ALTSYNCRAM	AUTO	4096	4	0	M10K_X49_Y68_N0, M10K_X49_Y67_N0, M10K_X49_Y66_N0, M10K_X49_Y69_N0
ascal:ascal|altsyncram:i_mem[0].r[7]__1|altsyncram_89q1:auto_generated|ALTSYNCRAM	AUTO	49152	5	0	M10K_X41_Y71_N0, M10K_X38_Y70_N0, M10K_X41_Y72_N0, M10K_X41_Y70_N0, M10K_X38_Y71_N0
ascal:ascal|altsyncram:o_dpram_rtl_0|altsyncram_32k1:auto_generated|ALTSYNCRAM	AUTO	4096	4	0	M10K_X41_Y67_N0, M10K_X49_Y65_N0, M10K_X41_Y64_N0, M10K_X41_Y66_N0
ascal:ascal|altsyncram:o_h_poly_mem_rtl_0|altsyncram_o9j1:auto_generated|ALTSYNCRAM	AUTO	10240	1	0	M10K_X26_Y70_N0
ascal:ascal|altsyncram:o_line0[0].r[7]__2|altsyncram_ccn1:auto_generated|ALTSYNCRAM	AUTO	49152	5	0	M10K_X26_Y75_N0, M10K_X49_Y78_N0, M10K_X26_Y78_N0, M10K_X41_Y75_N0, M10K_X49_Y75_N0
ascal:ascal|altsyncram:o_line1[0].r[7]__3|altsyncram_ccn1:auto_generated|ALTSYNCRAM	AUTO	49152	5	0	M10K_X38_Y74_N0, M10K_X38_Y79_N0, M10K_X38_Y80_N0, M10K_X38_Y72_N0, M10K_X38_Y73_N0
ascal:ascal|altsyncram:o_line2[0].r[7]__4|altsyncram_ccn1:auto_generated|ALTSYNCRAM	AUTO	49152	5	0	M10K_X26_Y76_N0, M10K_X38_Y78_N0, M10K_X26_Y77_N0, M10K_X49_Y76_N0, M10K_X49_Y77_N0
ascal:ascal|altsyncram:o_line3[0].r[7]__5|altsyncram_ccn1:auto_generated|ALTSYNCRAM	AUTO	49152	5	0	M10K_X38_Y75_N0, M10K_X41_Y79_N0, M10K_X41_Y80_N0, M10K_X41_Y74_N0, M10K_X41_Y73_N0
ascal:ascal|altsyncram:o_linf0[0].r[7]__6|altsyncram_m6n1:auto_generated|ALTSYNCRAM	AUTO	6144	1	0	M10K_X41_Y76_N0
ascal:ascal|altsyncram:o_linf1[0].r[7]__7|altsyncram_m6n1:auto_generated|ALTSYNCRAM	AUTO	6144	1	0	M10K_X38_Y77_N0
ascal:ascal|altsyncram:o_linf2[0].r[7]__8|altsyncram_m6n1:auto_generated|ALTSYNCRAM	AUTO	6144	1	0	M10K_X38_Y76_N0
ascal:ascal|altsyncram:o_linf3[0].r[7]__9|altsyncram_m6n1:auto_generated|ALTSYNCRAM	AUTO	6144	1	0	M10K_X41_Y77_N0
ascal:ascal|altsyncram:o_v_poly_mem_rtl_0|altsyncram_o9j1:auto_generated|ALTSYNCRAM	AUTO	10240	1	0	M10K_X26_Y71_N0
audio_out:audio_out|aud_mix_top:audmix_r|altshift_taps:a1_rtl_0|shift_taps_8gv:auto_generated|altsyncram_fr91:altsyncram4|ALTSYNCRAM	AUTO	96	1	0	M10K_X76_Y9_N0
emu:emu|altsyncram:vram0_rtl_0|altsyncram_4vu1:auto_generated|ALTSYNCRAM	M10K block	656128	81	0	M10K_X26_Y20_N0, M10K_X38_Y18_N0, M10K_X38_Y24_N0, M10K_X14_Y18_N0, M10K_X14_Y20_N0, M10K_X26_Y28_N0, M10K_X26_Y14_N0, M10K_X38_Y15_N0, M10K_X26_Y16_N0, M10K_X69_Y29_N0, M10K_X14_Y25_N0, M10K_X41_Y19_N0, M10K_X41_Y29_N0, M10K_X58_Y21_N0, M10K_X38_Y27_N0, M10K_X41_Y25_N0, M10K_X41_Y27_N0, M10K_X38_Y25_N0, M10K_X38_Y19_N0, M10K_X26_Y19_N0, M10K_X26_Y29_N0, M10K_X14_Y19_N0, M10K_X14_Y17_N0, M10K_X38_Y21_N0, M10K_X38_Y16_N0, M10K_X14_Y21_N0, M10K_X38_Y31_N0, M10K_X41_Y21_N0, M10K_X26_Y15_N0, M10K_X26_Y17_N0, M10K_X49_Y31_N0, M10K_X38_Y29_N0, M10K_X38_Y28_N0, M10K_X41_Y28_N0, M10K_X38_Y30_N0, M10K_X58_Y32_N0, M10K_X58_Y33_N0, M10K_X41_Y30_N0, M10K_X41_Y32_N0, M10K_X49_Y33_N0, M10K_X49_Y32_N0, M10K_X14_Y28_N0, M10K_X26_Y30_N0, M10K_X26_Y27_N0, M10K_X14_Y30_N0, M10K_X14_Y29_N0, M10K_X26_Y31_N0, M10K_X14_Y27_N0, M10K_X41_Y31_N0, M10K_X26_Y32_N0, M10K_X14_Y31_N0, M10K_X14_Y26_N0, M10K_X38_Y22_N0, M10K_X26_Y22_N0, M10K_X14_Y24_N0, M10K_X41_Y24_N0, M10K_X26_Y26_N0, M10K_X14_Y22_N0, M10K_X26_Y24_N0, M10K_X49_Y30_N0, M10K_X14_Y23_N0, M10K_X49_Y24_N0, M10K_X38_Y17_N0, M10K_X41_Y22_N0, M10K_X49_Y16_N0, M10K_X41_Y20_N0, M10K_X38_Y26_N0, M10K_X38_Y14_N0, M10K_X41_Y15_N0, M10K_X41_Y16_N0, M10K_X41_Y23_N0, M10K_X26_Y23_N0, M10K_X38_Y20_N0, M10K_X26_Y25_N0, M10K_X26_Y18_N0, M10K_X58_Y30_N0, M10K_X41_Y26_N0, M10K_X41_Y18_N0, M10K_X49_Y18_N0, M10K_X26_Y21_N0, M10K_X38_Y23_N0
emu:emu|altsyncram:vram1_rtl_0|altsyncram_4vu1:auto_generated|ALTSYNCRAM	M10K block	656128	81	0	M10K_X49_Y19_N0, M10K_X49_Y17_N0, M10K_X76_Y12_N0, M10K_X69_Y11_N0, M10K_X49_Y20_N0, M10K_X49_Y23_N0, M10K_X69_Y12_N0, M10K_X58_Y14_N0, M10K_X49_Y15_N0, M10K_X69_Y27_N0, M10K_X76_Y21_N0, M10K_X49_Y21_N0, M10K_X41_Y17_N0, M10K_X69_Y13_N0, M10K_X58_Y13_N0, M10K_X49_Y22_N0, M10K_X58_Y25_N0, M10K_X41_Y14_N0, M10K_X76_Y15_N0, M10K_X58_Y15_N0, M10K_X76_Y26_N0, M10K_X69_Y24_N0, M10K_X76_Y24_N0, M10K_X69_Y32_N0, M10K_X76_Y25_N0, M10K_X58_Y24_N0, M10K_X69_Y33_N0, M10K_X58_Y22_N0, M10K_X76_Y36_N0, M10K_X69_Y36_N0, M10K_X76_Y35_N0, M10K_X49_Y27_N0, M10K_X58_Y26_N0, M10K_X69_Y30_N0, M10K_X58_Y29_N0, M10K_X49_Y26_N0, M10K_X49_Y29_N0, M10K_X49_Y25_N0, M10K_X76_Y30_N0, M10K_X49_Y28_N0, M10K_X76_Y27_N0, M10K_X69_Y25_N0, M10K_X76_Y17_N0, M10K_X76_Y13_N0, M10K_X76_Y11_N0, M10K_X69_Y22_N0, M10K_X69_Y26_N0, M10K_X69_Y14_N0, M10K_X76_Y14_N0, M10K_X69_Y15_N0, M10K_X76_Y22_N0, M10K_X69_Y28_N0, M10K_X76_Y28_N0, M10K_X69_Y31_N0, M10K_X76_Y29_N0, M10K_X58_Y31_N0, M10K_X58_Y28_N0, M10K_X58_Y27_N0, M10K_X69_Y34_N0, M10K_X58_Y34_N0, M10K_X76_Y34_N0, M10K_X69_Y19_N0, M10K_X69_Y17_N0, M10K_X69_Y16_N0, M10K_X58_Y11_N0, M10K_X69_Y20_N0, M10K_X58_Y23_N0, M10K_X58_Y12_N0, M10K_X76_Y16_N0, M10K_X58_Y16_N0, M10K_X69_Y21_N0, M10K_X58_Y19_N0, M10K_X76_Y19_N0, M10K_X76_Y20_N0, M10K_X76_Y18_N0, M10K_X58_Y20_N0, M10K_X69_Y23_N0, M10K_X58_Y18_N0, M10K_X58_Y17_N0, M10K_X69_Y18_N0, M10K_X76_Y23_N0
emu:emu|altsyncram:vram2_rtl_0|altsyncram_4vu1:auto_generated|ALTSYNCRAM	M10K block	656128	81	0	M10K_X41_Y47_N0, M10K_X41_Y48_N0, M10K_X41_Y61_N0, M10K_X49_Y60_N0, M10K_X41_Y54_N0, M10K_X38_Y57_N0, M10K_X49_Y57_N0, M10K_X38_Y63_N0, M10K_X41_Y63_N0, M10K_X38_Y49_N0, M10K_X49_Y49_N0, M10K_X26_Y45_N0, M10K_X49_Y48_N0, M10K_X38_Y60_N0, M10K_X26_Y61_N0, M10K_X38_Y55_N0, M10K_X26_Y55_N0, M10K_X26_Y57_N0, M10K_X49_Y62_N0, M10K_X38_Y62_N0, M10K_X49_Y47_N0, M10K_X38_Y47_N0, M10K_X14_Y49_N0, M10K_X41_Y49_N0, M10K_X26_Y53_N0, M10K_X5_Y53_N0, M10K_X14_Y53_N0, M10K_X14_Y51_N0, M10K_X26_Y54_N0, M10K_X5_Y50_N0, M10K_X26_Y50_N0, M10K_X49_Y45_N0, M10K_X49_Y51_N0, M10K_X38_Y61_N0, M10K_X49_Y61_N0, M10K_X41_Y55_N0, M10K_X49_Y58_N0, M10K_X49_Y53_N0, M10K_X49_Y63_N0, M10K_X41_Y62_N0, M10K_X49_Y50_N0, M10K_X14_Y45_N0, M10K_X14_Y48_N0, M10K_X14_Y57_N0, M10K_X5_Y52_N0, M10K_X14_Y56_N0, M10K_X14_Y55_N0, M10K_X38_Y56_N0, M10K_X41_Y58_N0, M10K_X5_Y48_N0, M10K_X26_Y47_N0, M10K_X26_Y46_N0, M10K_X14_Y50_N0, M10K_X14_Y59_N0, M10K_X14_Y58_N0, M10K_X26_Y56_N0, M10K_X26_Y58_N0, M10K_X14_Y52_N0, M10K_X49_Y59_N0, M10K_X38_Y59_N0, M10K_X26_Y48_N0, M10K_X38_Y46_N0, M10K_X26_Y52_N0, M10K_X26_Y60_N0, M10K_X41_Y59_N0, M10K_X41_Y56_N0, M10K_X49_Y55_N0, M10K_X41_Y57_N0, M10K_X26_Y59_N0, M10K_X38_Y58_N0, M10K_X38_Y48_N0, M10K_X14_Y47_N0, M10K_X26_Y51_N0, M10K_X38_Y54_N0, M10K_X5_Y51_N0, M10K_X5_Y54_N0, M10K_X14_Y54_N0, M10K_X49_Y52_N0, M10K_X49_Y54_N0, M10K_X5_Y49_N0, M10K_X26_Y49_N0
emu:emu|altsyncram:vram3_rtl_0|altsyncram_4vu1:auto_generated|ALTSYNCRAM	M10K block	656128	81	0	M10K_X49_Y41_N0, M10K_X41_Y42_N0, M10K_X38_Y43_N0, M10K_X38_Y40_N0, M10K_X38_Y41_N0, M10K_X38_Y44_N0, M10K_X41_Y43_N0, M10K_X38_Y42_N0, M10K_X38_Y45_N0, M10K_X41_Y38_N0, M10K_X49_Y44_N0, M10K_X38_Y32_N0, M10K_X5_Y35_N0, M10K_X14_Y33_N0, M10K_X5_Y33_N0, M10K_X5_Y37_N0, M10K_X26_Y37_N0, M10K_X14_Y34_N0, M10K_X14_Y37_N0, M10K_X49_Y35_N0, M10K_X14_Y35_N0, M10K_X41_Y35_N0, M10K_X41_Y36_N0, M10K_X41_Y33_N0, M10K_X38_Y33_N0, M10K_X38_Y36_N0, M10K_X38_Y37_N0, M10K_X38_Y35_N0, M10K_X41_Y37_N0, M10K_X58_Y36_N0, M10K_X49_Y36_N0, M10K_X49_Y38_N0, M10K_X5_Y45_N0, M10K_X14_Y43_N0, M10K_X14_Y39_N0, M10K_X5_Y39_N0, M10K_X14_Y46_N0, M10K_X14_Y41_N0, M10K_X5_Y42_N0, M10K_X5_Y46_N0, M10K_X14_Y42_N0, M10K_X14_Y40_N0, M10K_X5_Y44_N0, M10K_X26_Y43_N0, M10K_X5_Y40_N0, M10K_X5_Y41_N0, M10K_X26_Y44_N0, M10K_X14_Y44_N0, M10K_X26_Y42_N0, M10K_X5_Y43_N0, M10K_X49_Y40_N0, M10K_X49_Y39_N0, M10K_X26_Y38_N0, M10K_X26_Y36_N0, M10K_X26_Y33_N0, M10K_X26_Y40_N0, M10K_X26_Y39_N0, M10K_X38_Y34_N0, M10K_X38_Y39_N0, M10K_X26_Y34_N0, M10K_X26_Y41_N0, M10K_X49_Y34_N0, M10K_X41_Y45_N0, M10K_X41_Y41_N0, M10K_X41_Y39_N0, M10K_X41_Y40_N0, M10K_X41_Y46_N0, M10K_X41_Y44_N0, M10K_X49_Y42_N0, M10K_X49_Y46_N0, M10K_X49_Y43_N0, M10K_X14_Y32_N0, M10K_X26_Y35_N0, M10K_X38_Y38_N0, M10K_X5_Y34_N0, M10K_X5_Y36_N0, M10K_X14_Y38_N0, M10K_X41_Y34_N0, M10K_X5_Y38_N0, M10K_X58_Y35_N0, M10K_X14_Y36_N0
emu:emu|mt32pi:mt32pi|altsyncram:lcd_data_rtl_0|altsyncram_fcj1:auto_generated|ALTSYNCRAM	AUTO	8192	1	0	M10K_X69_Y35_N0
emu:emu|quadra800:machine|dafb:dafb|dafb_clut:clut_b_i|altsyncram:mem_rtl_0|altsyncram_slu1:auto_generated|ALTSYNCRAM	M10K block	2048	1	0	M10K_X76_Y31_N0
emu:emu|quadra800:machine|dafb:dafb|dafb_clut:clut_g_i|altsyncram:mem_rtl_0|altsyncram_slu1:auto_generated|ALTSYNCRAM	M10K block	2048	1	0	M10K_X76_Y33_N0
emu:emu|quadra800:machine|dafb:dafb|dafb_clut:clut_r_i|altsyncram:mem_rtl_0|altsyncram_slu1:auto_generated|ALTSYNCRAM	M10K block	2048	1	0	M10K_X76_Y32_N0
emu:emu|quadra800:machine|iosb:iosb|adb:adbx|altsyncram:kbdFifo_rtl_0|altsyncram_6tm1:auto_generated|ALTSYNCRAM	AUTO	64	1	0	M10K_X41_Y60_N0
emu:emu|quadra800:machine|iosb:iosb|altdpram:djmemc_regs_rtl_0|dpram_8no1:auto_generated|ALTDPRAM_INSTANCE	MLAB	512	0	32	LAB_X39_Y47_N0, LAB_X39_Y48_N0
emu:emu|quadra800:machine|iosb:iosb|altdpram:iosb_regs_hi_rtl_0|dpram_qlo1:auto_generated|ALTDPRAM_INSTANCE	MLAB	256	0	8	LAB_X47_Y50_N0
emu:emu|quadra800:machine|iosb:iosb|altdpram:iosb_regs_lo_rtl_0|dpram_qlo1:auto_generated|ALTDPRAM_INSTANCE	MLAB	256	0	8	LAB_X47_Y46_N0
emu:emu|quadra800:machine|iosb:iosb|easc:easc|easc_bank:banks[0].bank|altsyncram:ram|altsyncram_trp2:auto_generated|ALTSYNCRAM	M10K block	4096	2	0	M10K_X41_Y51_N0, M10K_X41_Y50_N0
emu:emu|quadra800:machine|iosb:iosb|easc:easc|easc_bank:banks[1].bank|altsyncram:ram|altsyncram_trp2:auto_generated|ALTSYNCRAM	M10K block	4096	2	0	M10K_X38_Y51_N0, M10K_X38_Y50_N0
emu:emu|quadra800:machine|iosb:iosb|easc:easc|easc_bank:banks[2].bank|altsyncram:ram|altsyncram_trp2:auto_generated|ALTSYNCRAM	M10K block	4096	2	0	M10K_X41_Y53_N0, M10K_X41_Y52_N0
emu:emu|quadra800:machine|iosb:iosb|easc:easc|easc_bank:banks[3].bank|altsyncram:ram|altsyncram_trp2:auto_generated|ALTSYNCRAM	M10K block	4096	2	0	M10K_X38_Y53_N0, M10K_X38_Y52_N0
emu:emu|quadra800:machine|iosb:iosb|ncr53c96:scsi|cd_audio:g_cd_audio.cd_audio_i|cd_sdp:frame_ram|altsyncram:ram_rtl_0|altsyncram_7qk1:auto_generated|ALTSYNCRAM	M10K block	65536	8	0	M10K_X14_Y63_N0, M10K_X26_Y64_N0, M10K_X14_Y62_N0, M10K_X14_Y65_N0, M10K_X14_Y64_N0, M10K_X26_Y65_N0, M10K_X26_Y62_N0, M10K_X26_Y63_N0
emu:emu|quadra800:machine|iosb:iosb|ncr53c96:scsi|ncr_sbuf:sbuf|altsyncram:ram|altsyncram_2hq2:auto_generated|ALTSYNCRAM	M10K block	4096	1	0	M10K_X26_Y66_N0
emu:emu|quadra800:machine|iosb:iosb|rtc3430042:rtc|altsyncram:pram_rtl_0|altsyncram_7hk1:auto_generated|ALTSYNCRAM	M10K block	2048	1	0	M10K_X49_Y56_N0
emu:emu|quadra800:machine|wombat_cpu:cpu|ap040_cache:g_cache.cache|altsyncram:cdata0_b0_rtl_0|altsyncram_4ml1:auto_generated|ALTSYNCRAM	AUTO	8192	1	0	M10K_X41_Y8_N0
emu:emu|quadra800:machine|wombat_cpu:cpu|ap040_cache:g_cache.cache|altsyncram:cdata0_b1_rtl_0|altsyncram_4ml1:auto_generated|ALTSYNCRAM	AUTO	8192	1	0	M10K_X38_Y6_N0
emu:emu|quadra800:machine|wombat_cpu:cpu|ap040_cache:g_cache.cache|altsyncram:cdata0_b2_rtl_0|altsyncram_4ml1:auto_generated|ALTSYNCRAM	AUTO	8192	1	0	M10K_X38_Y7_N0
emu:emu|quadra800:machine|wombat_cpu:cpu|ap040_cache:g_cache.cache|altsyncram:cdata0_b3_rtl_0|altsyncram_4ml1:auto_generated|ALTSYNCRAM	AUTO	8192	1	0	M10K_X38_Y9_N0
emu:emu|quadra800:machine|wombat_cpu:cpu|ap040_cache:g_cache.cache|altsyncram:cdata1_b0_rtl_0|altsyncram_4ml1:auto_generated|ALTSYNCRAM	AUTO	8192	1	0	M10K_X41_Y10_N0
emu:emu|quadra800:machine|wombat_cpu:cpu|ap040_cache:g_cache.cache|altsyncram:cdata1_b1_rtl_0|altsyncram_4ml1:auto_generated|ALTSYNCRAM	AUTO	8192	1	0	M10K_X38_Y12_N0
emu:emu|quadra800:machine|wombat_cpu:cpu|ap040_cache:g_cache.cache|altsyncram:cdata1_b2_rtl_0|altsyncram_4ml1:auto_generated|ALTSYNCRAM	AUTO	8192	1	0	M10K_X38_Y3_N0
emu:emu|quadra800:machine|wombat_cpu:cpu|ap040_cache:g_cache.cache|altsyncram:cdata1_b3_rtl_0|altsyncram_4ml1:auto_generated|ALTSYNCRAM	AUTO	8192	1	0	M10K_X38_Y4_N0
emu:emu|quadra800:machine|wombat_cpu:cpu|ap040_cache:g_cache.cache|altsyncram:cdata2_b0_rtl_0|altsyncram_4ml1:auto_generated|ALTSYNCRAM	AUTO	8192	1	0	M10K_X41_Y9_N0
emu:emu|quadra800:machine|wombat_cpu:cpu|ap040_cache:g_cache.cache|altsyncram:cdata2_b1_rtl_0|altsyncram_4ml1:auto_generated|ALTSYNCRAM	AUTO	8192	1	0	M10K_X38_Y10_N0
emu:emu|quadra800:machine|wombat_cpu:cpu|ap040_cache:g_cache.cache|altsyncram:cdata2_b2_rtl_0|altsyncram_4ml1:auto_generated|ALTSYNCRAM	AUTO	8192	1	0	M10K_X38_Y5_N0
emu:emu|quadra800:machine|wombat_cpu:cpu|ap040_cache:g_cache.cache|altsyncram:cdata2_b3_rtl_0|altsyncram_4ml1:auto_generated|ALTSYNCRAM	AUTO	8192	1	0	M10K_X41_Y4_N0
emu:emu|quadra800:machine|wombat_cpu:cpu|ap040_cache:g_cache.cache|altsyncram:cdata3_b0_rtl_0|altsyncram_4ml1:auto_generated|ALTSYNCRAM	AUTO	8192	1	0	M10K_X41_Y2_N0
emu:emu|quadra800:machine|wombat_cpu:cpu|ap040_cache:g_cache.cache|altsyncram:cdata3_b1_rtl_0|altsyncram_4ml1:auto_generated|ALTSYNCRAM	AUTO	8192	1	0	M10K_X38_Y2_N0
emu:emu|quadra800:machine|wombat_cpu:cpu|ap040_cache:g_cache.cache|altsyncram:cdata3_b2_rtl_0|altsyncram_4ml1:auto_generated|ALTSYNCRAM	AUTO	8192	1	0	M10K_X38_Y8_N0
emu:emu|quadra800:machine|wombat_cpu:cpu|ap040_cache:g_cache.cache|altsyncram:cdata3_b3_rtl_0|altsyncram_4ml1:auto_generated|ALTSYNCRAM	AUTO	8192	1	0	M10K_X38_Y11_N0
emu:emu|quadra800:machine|wombat_cpu:cpu|ap040_cache:g_cache.cache|altsyncram:idata0_b0_rtl_0|altsyncram_qji1:auto_generated|ALTSYNCRAM	AUTO	4096	1	0	M10K_X49_Y7_N0
emu:emu|quadra800:machine|wombat_cpu:cpu|ap040_cache:g_cache.cache|altsyncram:idata0_b1_rtl_0|altsyncram_qji1:auto_generated|ALTSYNCRAM	AUTO	4096	1	0	M10K_X41_Y6_N0
emu:emu|quadra800:machine|wombat_cpu:cpu|ap040_cache:g_cache.cache|altsyncram:idata0_b2_rtl_0|altsyncram_qji1:auto_generated|ALTSYNCRAM	AUTO	4096	1	0	M10K_X41_Y7_N0
emu:emu|quadra800:machine|wombat_cpu:cpu|ap040_cache:g_cache.cache|altsyncram:idata0_b3_rtl_0|altsyncram_qji1:auto_generated|ALTSYNCRAM	AUTO	4096	1	0	M10K_X26_Y1_N0
emu:emu|quadra800:machine|wombat_cpu:cpu|ap040_cache:g_cache.cache|altsyncram:idata1_b0_rtl_0|altsyncram_qji1:auto_generated|ALTSYNCRAM	AUTO	4096	1	0	M10K_X49_Y8_N0
emu:emu|quadra800:machine|wombat_cpu:cpu|ap040_cache:g_cache.cache|altsyncram:idata1_b1_rtl_0|altsyncram_qji1:auto_generated|ALTSYNCRAM	AUTO	4096	1	0	M10K_X49_Y5_N0
emu:emu|quadra800:machine|wombat_cpu:cpu|ap040_cache:g_cache.cache|altsyncram:idata1_b2_rtl_0|altsyncram_qji1:auto_generated|ALTSYNCRAM	AUTO	4096	1	0	M10K_X41_Y3_N0
emu:emu|quadra800:machine|wombat_cpu:cpu|ap040_cache:g_cache.cache|altsyncram:idata1_b3_rtl_0|altsyncram_qji1:auto_generated|ALTSYNCRAM	AUTO	4096	1	0	M10K_X26_Y2_N0
emu:emu|quadra800:machine|wombat_cpu:cpu|ap040_cache:g_cache.cache|altsyncram:idata2_b0_rtl_0|altsyncram_qji1:auto_generated|ALTSYNCRAM	AUTO	4096	1	0	M10K_X49_Y6_N0
emu:emu|quadra800:machine|wombat_cpu:cpu|ap040_cache:g_cache.cache|altsyncram:idata2_b1_rtl_0|altsyncram_qji1:auto_generated|ALTSYNCRAM	AUTO	4096	1	0	M10K_X49_Y1_N0
emu:emu|quadra800:machine|wombat_cpu:cpu|ap040_cache:g_cache.cache|altsyncram:idata2_b2_rtl_0|altsyncram_qji1:auto_generated|ALTSYNCRAM	AUTO	4096	1	0	M10K_X41_Y5_N0
emu:emu|quadra800:machine|wombat_cpu:cpu|ap040_cache:g_cache.cache|altsyncram:idata2_b3_rtl_0|altsyncram_qji1:auto_generated|ALTSYNCRAM	AUTO	4096	1	0	M10K_X41_Y1_N0
emu:emu|quadra800:machine|wombat_cpu:cpu|ap040_cache:g_cache.cache|altsyncram:idata3_b0_rtl_0|altsyncram_qji1:auto_generated|ALTSYNCRAM	AUTO	4096	1	0	M10K_X49_Y3_N0
emu:emu|quadra800:machine|wombat_cpu:cpu|ap040_cache:g_cache.cache|altsyncram:idata3_b1_rtl_0|altsyncram_qji1:auto_generated|ALTSYNCRAM	AUTO	4096	1	0	M10K_X49_Y2_N0
emu:emu|quadra800:machine|wombat_cpu:cpu|ap040_cache:g_cache.cache|altsyncram:idata3_b2_rtl_0|altsyncram_qji1:auto_generated|ALTSYNCRAM	AUTO	4096	1	0	M10K_X49_Y4_N0
emu:emu|quadra800:machine|wombat_cpu:cpu|ap040_cache:g_cache.cache|altsyncram:idata3_b3_rtl_0|altsyncram_qji1:auto_generated|ALTSYNCRAM	AUTO	4096	1	0	M10K_X38_Y1_N0
emu:emu|quadra800:machine|wombat_cpu:cpu|ap040_cache:g_cache.cache|altsyncram:pairdata0_b1_rtl_0|altsyncram_mgl1:auto_generated|ALTSYNCRAM	AUTO	4096	1	0	M10K_X14_Y1_N0
emu:emu|quadra800:machine|wombat_cpu:cpu|ap040_cache:g_cache.cache|altsyncram:pairdata0_b2_rtl_0|altsyncram_mgl1:auto_generated|ALTSYNCRAM	AUTO	4096	1	0	M10K_X14_Y7_N0
emu:emu|quadra800:machine|wombat_cpu:cpu|ap040_cache:g_cache.cache|altsyncram:pairdata0_b3_rtl_0|altsyncram_mgl1:auto_generated|ALTSYNCRAM	AUTO	4096	1	0	M10K_X14_Y9_N0
emu:emu|quadra800:machine|wombat_cpu:cpu|ap040_cache:g_cache.cache|altsyncram:pairdata1_b1_rtl_0|altsyncram_mgl1:auto_generated|ALTSYNCRAM	AUTO	4096	1	0	M10K_X14_Y12_N0
emu:emu|quadra800:machine|wombat_cpu:cpu|ap040_cache:g_cache.cache|altsyncram:pairdata1_b2_rtl_0|altsyncram_mgl1:auto_generated|ALTSYNCRAM	AUTO	4096	1	0	M10K_X14_Y3_N0
emu:emu|quadra800:machine|wombat_cpu:cpu|ap040_cache:g_cache.cache|altsyncram:pairdata1_b3_rtl_0|altsyncram_mgl1:auto_generated|ALTSYNCRAM	AUTO	4096	1	0	M10K_X14_Y6_N0
emu:emu|quadra800:machine|wombat_cpu:cpu|ap040_cache:g_cache.cache|altsyncram:pairdata2_b1_rtl_0|altsyncram_mgl1:auto_generated|ALTSYNCRAM	AUTO	4096	1	0	M10K_X14_Y11_N0
emu:emu|quadra800:machine|wombat_cpu:cpu|ap040_cache:g_cache.cache|altsyncram:pairdata2_b2_rtl_0|altsyncram_mgl1:auto_generated|ALTSYNCRAM	AUTO	4096	1	0	M10K_X14_Y5_N0
emu:emu|quadra800:machine|wombat_cpu:cpu|ap040_cache:g_cache.cache|altsyncram:pairdata2_b3_rtl_0|altsyncram_mgl1:auto_generated|ALTSYNCRAM	AUTO	4096	1	0	M10K_X14_Y4_N0
emu:emu|quadra800:machine|wombat_cpu:cpu|ap040_cache:g_cache.cache|altsyncram:pairdata3_b1_rtl_0|altsyncram_mgl1:auto_generated|ALTSYNCRAM	AUTO	4096	1	0	M10K_X14_Y2_N0
emu:emu|quadra800:machine|wombat_cpu:cpu|ap040_cache:g_cache.cache|altsyncram:pairdata3_b2_rtl_0|altsyncram_mgl1:auto_generated|ALTSYNCRAM	AUTO	4096	1	0	M10K_X14_Y8_N0
emu:emu|quadra800:machine|wombat_cpu:cpu|ap040_cache:g_cache.cache|altsyncram:pairdata3_b3_rtl_0|altsyncram_mgl1:auto_generated|ALTSYNCRAM	AUTO	4096	1	0	M10K_X14_Y10_N0
emu:emu|quadra800:machine|wombat_cpu:cpu|ap040_cache:g_cache.cache|dpram:ctag_ram_i|altsyncram:ram|altsyncram_tip2:auto_generated|ALTSYNCRAM	M10K block	23040	5	0	M10K_X26_Y9_N0, M10K_X26_Y8_N0, M10K_X26_Y11_N0, M10K_X26_Y10_N0, M10K_X26_Y12_N0
emu:emu|quadra800:machine|wombat_cpu:cpu|ap040_cache:g_cache.cache|dpram:ctag_ram|altsyncram:ram|altsyncram_tip2:auto_generated|ALTSYNCRAM	M10K block	23040	5	0	M10K_X26_Y4_N0, M10K_X26_Y3_N0, M10K_X26_Y5_N0, M10K_X26_Y6_N0, M10K_X26_Y7_N0
emu:emu|quadra800:machine|wombat_cpu:cpu|ap040_core:core|ap040_fpu:g_fpu.fpu|ap040_fp_regfile:fpregs|altdpram:bank_a_rtl_0|dpram_rlo1:auto_generated|ALTDPRAM_INSTANCE	MLAB	640	0	80	LAB_X34_Y47_N0, LAB_X28_Y46_N0, LAB_X28_Y45_N0, LAB_X8_Y45_N0
emu:emu|quadra800:machine|wombat_cpu:cpu|ap040_core:core|ap040_fpu:g_fpu.fpu|ap040_fp_regfile:fpregs|altdpram:bank_b_rtl_0|dpram_rlo1:auto_generated|ALTDPRAM_INSTANCE	MLAB	640	0	80	LAB_X6_Y45_N0, LAB_X25_Y47_N0, LAB_X28_Y47_N0, LAB_X34_Y48_N0
emu:emu|quadra800:machine|wombat_cpu:cpu|ap040_core:core|ap040_regfile:regfile|altdpram:bank_a_rtl_0|dpram_8no1:auto_generated|ALTDPRAM_INSTANCE	MLAB	512	0	32	LAB_X21_Y18_N0, LAB_X21_Y19_N0
emu:emu|quadra800:machine|wombat_cpu:cpu|ap040_core:core|ap040_regfile:regfile|altdpram:bank_b_rtl_0|dpram_8no1:auto_generated|ALTDPRAM_INSTANCE	MLAB	512	0	32	LAB_X25_Y22_N0, LAB_X21_Y21_N0
emu:emu|quadra800:machine|wombat_cpu:cpu|ap040_core:core|ap040_regfile:regfile|altdpram:bank_f_rtl_0|dpram_h8o1:auto_generated|ALTDPRAM_INSTANCE	MLAB	512	0	32	LAB_X25_Y21_N0, LAB_X21_Y20_N0
emu:emu|quadra800:machine|wombat_cpu:cpu|ap040_core:core|ap040_regfile:regfile|altdpram:extra_reads.bank_c_rtl_0|dpram_8no1:auto_generated|ALTDPRAM_INSTANCE	MLAB	512	0	32	LAB_X15_Y18_N0, LAB_X15_Y17_N0
emu:emu|quadra800:machine|wombat_cpu:cpu|ap040_core:core|ap040_regfile:regfile|altdpram:extra_reads.bank_d_rtl_0|dpram_8no1:auto_generated|ALTDPRAM_INSTANCE	MLAB	512	0	32	LAB_X21_Y17_N0, LAB_X15_Y19_N0
emu:emu|quadra800:machine|wombat_cpu:cpu|ap040_core:core|ap040_regfile:regfile|altdpram:extra_reads.bank_e_rtl_0|dpram_8no1:auto_generated|ALTDPRAM_INSTANCE	MLAB	512	0	32	LAB_X21_Y16_N0, LAB_X15_Y16_N0
emu:emu|quadra800:machine|wombat_cpu:cpu|ap040_mmu:mmu|dpram:atc_ram|altsyncram:ram|altsyncram_fip2:auto_generated|ALTSYNCRAM	M10K block	5888	9	0	M10K_X41_Y12_N0, M10K_X41_Y13_N0, M10K_X49_Y13_N0, M10K_X49_Y11_N0, M10K_X49_Y9_N0, M10K_X49_Y10_N0, M10K_X49_Y14_N0, M10K_X49_Y12_N0, M10K_X58_Y9_N0
emu:emu|sdram_beat32:sdr|altdpram:wq_mem|dpram_9fq1:auto_generated|ALTDPRAM_INSTANCE	MLAB	488	0	61	LAB_X84_Y17_N0, LAB_X82_Y19_N0, LAB_X82_Y17_N0, LAB_X84_Y18_N0
osd:hdmi_osd|altsyncram:osd_buffer_rtl_0|altsyncram_i6k1:auto_generated|ALTSYNCRAM	AUTO	32768	4	0	M10K_X5_Y75_N0, M10K_X5_Y74_N0, M10K_X5_Y76_N0, M10K_X5_Y77_N0
osd:vga_osd|altsyncram:osd_buffer_rtl_0|altsyncram_i6k1:auto_generated|ALTSYNCRAM	AUTO	32768	4	0	M10K_X14_Y74_N0, M10K_X14_Y73_N0, M10K_X14_Y75_N0, M10K_X14_Y72_N0
vga_out:vga_scaler_out|altshift_taps:din1_rtl_0|shift_taps_quu:auto_generated|altsyncram_dr91:altsyncram4|ALTSYNCRAM	AUTO	93	1	0	M10K_X69_Y4_N0
yc_out:yc_out|altshift_taps:luma_d0_rtl_0|shift_taps_htu:auto_generated|altsyncram_to91:altsyncram5|ALTSYNCRAM	AUTO	45	1	0	M10K_X76_Y4_N0
